{"py/object": "rasa.core.featurizers.tracker_featurizers.MaxHistoryTrackerFeaturizer", "state_featurizer": {"py/object": "rasa.core.featurizers.single_state_featurizer.SingleStateFeaturizer", "_default_feature_states": {"intent": {"affirm": 0, "back": 1, "bot_challenge": 2, "day": 3, "deny": 4, "flu_symptom": 5, "goodbye": 6, "greet": 7, "head_crown": 8, "head_eyes": 9, "head_sides": 10, "head_symptom": 11, "head_whole": 12, "nlu_fallback": 13, "out_of_scope": 14, "restart": 15, "session_start": 16, "stomach_symptom": 17, "vision_symptom": 18}, "action_name": {"action_listen": 0, "action_restart": 1, "action_session_start": 2, "action_default_fallback": 3, "action_deactivate_loop": 4, "action_revert_fallback_events": 5, "action_default_ask_affirmation": 6, "action_default_ask_rephrase": 7, "action_two_stage_fallback": 8, "action_unlikely_intent": 9, "action_back": 10, "...": 11, "action_extract_slots": 12, "utter_allergy_eyes_response": 13, "utter_day": 14, "utter_did_that_help": 15, "utter_dry_eyes_response": 16, "utter_flu_response": 17, "utter_gas_response": 18, "utter_goodbye": 19, "utter_greet": 20, "utter_happy": 21, "utter_head_crown_response": 22, "utter_head_eyes_response": 23, "utter_head_sides_response": 24, "utter_head_stomach_response": 25, "utter_head_stomach_symptom": 26, "utter_head_symptom": 27, "utter_head_whole_response": 28, "utter_iamabot": 29, "utter_poison_response": 30, "utter_stomach_types": 31, "utter_vision_types": 32}, "entities": {}, "slots": {}, "active_loop": {}}, "action_texts": [], "entity_tag_specs": []}, "max_history": 5, "remove_duplicates": true}