{"py/object": "rasa.core.featurizers.tracker_featurizers.IntentMaxHistoryTrackerFeaturizer", "state_featurizer": {"py/object": "rasa.core.featurizers.single_state_featurizer.IntentTokenizerSingleStateFeaturizer", "_default_feature_states": {"intent": {"affirm": 0, "allergy_symptom": 1, "anxiety_symptom": 2, "back": 3, "back_pain_symptom": 4, "bot_challenge": 5, "cough_symptom": 6, "day": 7, "deny": 8, "depression_symptom": 9, "diarrhea_symptom": 10, "fatigue_symptom": 11, "fever_symptom": 12, "flu_symptom": 13, "goodbye": 14, "greet": 15, "head_crown": 16, "head_eyes": 17, "head_sides": 18, "head_symptom": 19, "head_whole": 20, "hearing_loss_symptom": 21, "hypertension_symptom": 22, "insomnia_symptom": 23, "joint_pain_symptom": 24, "migraine_symptom": 25, "nausea_symptom": 26, "nlu_fallback": 27, "out_of_scope": 28, "restart": 29, "session_start": 30, "shortness_of_breath_symptom": 31, "skin_rash_symptom": 32, "sore_throat_symptom": 33, "stomach_symptom": 34, "vision_symptom": 35}, "action_name": {"action_listen": 0, "action_restart": 1, "action_session_start": 2, "action_default_fallback": 3, "action_deactivate_loop": 4, "action_revert_fallback_events": 5, "action_default_ask_affirmation": 6, "action_default_ask_rephrase": 7, "action_two_stage_fallback": 8, "action_unlikely_intent": 9, "action_back": 10, "...": 11, "action_extract_slots": 12, "utter_allergy_eyes_response": 13, "utter_allergy_response": 14, "utter_anxiety_response": 15, "utter_back_pain_response": 16, "utter_cough_response": 17, "utter_day": 18, "utter_depression_response": 19, "utter_diarrhea_response": 20, "utter_did_that_help": 21, "utter_dry_eyes_response": 22, "utter_fatigue_response": 23, "utter_fever_response": 24, "utter_flu_response": 25, "utter_gas_response": 26, "utter_goodbye": 27, "utter_greet": 28, "utter_happy": 29, "utter_head_crown_response": 30, "utter_head_eyes_response": 31, "utter_head_sides_response": 32, "utter_head_stomach_response": 33, "utter_head_stomach_symptom": 34, "utter_head_symptom": 35, "utter_head_whole_response": 36, "utter_hearing_loss_response": 37, "utter_hypertension_response": 38, "utter_iamabot": 39, "utter_insomnia_response": 40, "utter_joint_pain_response": 41, "utter_migraine_response": 42, "utter_nausea_response": 43, "utter_poison_response": 44, "utter_shortness_of_breath_response": 45, "utter_skin_rash_response": 46, "utter_sore_throat_response": 47, "utter_stomach_types": 48, "utter_vision_types": 49}, "entities": {}, "slots": {}, "active_loop": {}}, "action_texts": [], "entity_tag_specs": []}, "max_history": 5, "remove_duplicates": true}